timestamp,open,high,low,close,volume
2021-07-20 2:00:00,30621.55,30687.66,30150,30182.93,5027
2021-07-20 1:00:00,30801.12,30844.05,30535,30621.61,2305
2021-07-20 0:00:00,30839.65,31063.07,30749.99,30801.12,1862
2021-07-19 23:00:00,30855,30984.4,30792.04,30839.65,943
2021-07-19 22:00:00,30722.23,30935.46,30721.15,30855,1200
2021-07-19 21:00:00,30770.62,30886.19,30712.3,30716.53,1331
2021-07-19 20:00:00,30744.84,30838.53,30691.72,30770.62,1199
2021-07-19 19:00:00,30652.95,30775.82,30520.01,30744.97,1360
2021-07-19 18:00:00,30736.09,30808.14,30564.36,30652.95,1226
2021-07-19 17:00:00,30705.59,30857.61,30670.09,30736.09,1296
2021-07-19 16:00:00,30687.84,30785.71,30602.5,30705.58,1666
2021-07-19 15:00:00,30816.05,30980,30646.61,30687.96,3182
2021-07-19 14:00:00,30606.78,30850,30407.44,30816.05,4514
2021-07-19 13:00:00,30713.15,30880.86,30560,30605.17,5224
2021-07-19 12:00:00,31267.84,31375,30666,30713.15,6394
2021-07-19 11:00:00,31205.91,31466.66,31155,31265.92,1999
2021-07-19 10:00:00,31379.65,31435.92,31177,31205.58,2344
2021-07-19 9:00:00,31486.59,31549.44,31301.1,31379.66,2213
2021-07-19 8:00:00,31604.32,31669.73,31480,31486.58,1230
2021-07-19 7:00:00,31793.54,31854.38,31583.34,31604.33,1633
2021-07-19 6:00:00,31787.99,31860,31682.89,31793.54,1483
2021-07-19 5:00:00,31742,31899,31643.49,31788,1448
2021-07-19 4:00:00,31541.58,31782.86,31523.28,31742,1150
2021-07-19 3:00:00,31515.78,31614.86,31451,31541.57,684
2021-07-19 2:00:00,31601.76,31687.1,31471.11,31515.79,840
2021-07-19 1:00:00,31600.69,31643.96,31431.87,31601.76,1221
2021-07-19 0:00:00,31778.57,31861.79,31541.27,31600.68,1548
2021-07-18 23:00:00,31557.91,31871.68,31508.92,31778.56,1143
2021-07-18 22:00:00,31814.5,31943,31420,31557.91,2066
2021-07-18 21:00:00,31630.3,31866.66,31544.8,31814.5,1328
2021-07-18 20:00:00,31642.91,31741.8,31606.06,31630.29,689
2021-07-18 19:00:00,31604.51,31726.66,31604.5,31643.8,543
2021-07-18 18:00:00,31596.68,31670.84,31563.9,31604.51,1024
2021-07-18 17:00:00,31463.58,31763.11,31414.84,31595.44,1491
2021-07-18 16:00:00,31365.6,31568,31290,31463.57,1160
2021-07-18 15:00:00,31322.83,31457.74,31227.96,31365.6,1772
2021-07-18 14:00:00,31700.16,31750,31108.97,31322.85,3752
2021-07-18 13:00:00,31745.06,31765.24,31620,31700.17,969
2021-07-18 12:00:00,31801.79,31849.54,31683.96,31745.05,1043
2021-07-18 11:00:00,31710.17,31801.8,31668.81,31801.01,910
2021-07-18 10:00:00,31733.06,31746.85,31565.58,31709.43,1694
2021-07-18 9:00:00,31762.1,31868.53,31671.81,31733.05,1208
2021-07-18 8:00:00,31712.1,31800,31653,31762.11,1361
2021-07-18 7:00:00,31886.19,31922.89,31680.01,31712.1,1223
2021-07-18 6:00:00,32059.28,32072.22,31850.01,31886.18,1300
2021-07-18 5:00:00,32079.97,32146.53,32044.72,32059.27,819
2021-07-18 4:00:00,32166,32190.45,32041.06,32077.25,892
2021-07-18 3:00:00,32201.83,32221.33,32059.54,32166,1273
2021-07-18 2:00:00,32213.04,32285.98,32150,32201.82,1428
2021-07-18 1:00:00,31975.17,32435,31943.4,32213.05,3816
2021-07-18 0:00:00,31520.07,32132.62,31463,31975.13,3005
2021-07-17 23:00:00,31634.95,31634.95,31480.66,31520.07,1231
2021-07-17 22:00:00,31721.5,31721.51,31605.44,31634.94,941
2021-07-17 21:00:00,31723.08,31827.05,31673.15,31720,1038
2021-07-17 20:00:00,31834.33,31898.5,31723.08,31723.09,831
2021-07-17 19:00:00,31735.03,31920,31704.4,31834.33,1319
2021-07-17 18:00:00,31731.13,31820,31670.48,31735.04,775
2021-07-17 17:00:00,31683.04,31737.42,31537,31731.13,874
2021-07-17 16:00:00,31763.98,31870.43,31636,31683.03,1802
2021-07-17 15:00:00,31637.01,31772.02,31450.47,31764.75,1555
2021-07-17 14:00:00,31618.78,31745.99,31589.89,31637,1335
2021-07-17 13:00:00,31501.41,31765.48,31341.16,31618.78,1947
2021-07-17 12:00:00,31391.34,31583.87,31343.03,31501.41,1552
2021-07-17 11:00:00,31280.01,31476.72,31250,31391.33,1896
2021-07-17 10:00:00,31605.47,31613.5,31260.96,31280,1969
2021-07-17 9:00:00,31706.43,31791.99,31602,31609.54,1675
2021-07-17 8:00:00,31513.64,31955.92,31341,31706.44,2370
2021-07-17 7:00:00,31580.01,31588.5,31449.81,31513.64,857
2021-07-17 6:00:00,31486.94,31590.94,31435.22,31580.01,1004
2021-07-17 5:00:00,31387.84,31539.23,31364.48,31486.95,1231
2021-07-17 4:00:00,31306.57,31441.32,31190,31387.84,1161
2021-07-17 3:00:00,31334.71,31474.5,31276.25,31306.56,1211
2021-07-17 2:00:00,31383.11,31499.98,31250,31336.08,1547
2021-07-17 1:00:00,31636.52,31642.64,31264.9,31386.53,1309
2021-07-17 0:00:00,31383.86,31636.53,31164.31,31636.52,2571
2021-07-16 23:00:00,31580.9,31634.13,31336.98,31383.87,1631
2021-07-16 22:00:00,31719.52,31860.18,31535.45,31578.31,1454
2021-07-16 21:00:00,31819.98,31862.74,31661.95,31719.52,1388
2021-07-16 20:00:00,31911.34,31987,31806,31819.98,1085
2021-07-16 19:00:00,31956.39,32084.82,31860.82,31911.34,1375
2021-07-16 18:00:00,32055.24,32077.61,31920.01,31956.38,1161
2021-07-16 17:00:00,32062.77,32136.36,31927.74,32055.24,1328
2021-07-16 16:00:00,32127.4,32249.18,31810,32065.37,3299
2021-07-16 15:00:00,31860.92,32212.52,31787.01,32127.39,3715
2021-07-16 14:00:00,31765.8,31950,31742.31,31860.93,1612
2021-07-16 13:00:00,31714.06,31969,31703.01,31765.8,3156
2021-07-16 12:00:00,31086.52,31799,31067.43,31714.06,3970
2021-07-16 11:00:00,31303.67,31303.67,31020,31086.53,2632
2021-07-16 10:00:00,31400,31473.42,31140,31305.87,3042
2021-07-16 9:00:00,31473,31534.18,31320,31399.99,1723
2021-07-16 8:00:00,31779.98,31779.99,31375.93,31473,2419
2021-07-16 7:00:00,31609.13,31796.42,31561.88,31774.49,1351
2021-07-16 6:00:00,31800.41,31804.99,31548.15,31609.14,2043
2021-07-16 5:00:00,31907.57,31966.94,31719.73,31797.02,1353
2021-07-16 4:00:00,31914.9,32020,31851.27,31907.57,1207
2021-07-16 3:00:00,31904.25,32020.23,31874.13,31914.89,1352
2021-07-16 2:00:00,31808.41,32049.45,31762.97,31904.26,2728
2021-07-16 1:00:00,31644.04,31884.7,31640,31808.4,1301
2021-07-16 0:00:00,31874.49,31940,31556.95,31644.03,2165
2021-07-15 23:00:00,31772.95,31898,31503.35,31880,1443
2021-07-15 22:00:00,31666.35,31868.53,31622,31772.95,1211
2021-07-15 21:00:00,31752.4,31803.72,31645,31666.35,1348
2021-07-15 20:00:00,31538.92,31840.88,31528.52,31752.41,2036
2021-07-15 19:00:00,31455.12,31800,31394.4,31533.62,1931
2021-07-15 18:00:00,31276.87,31527.54,31230,31455.11,1897
2021-07-15 17:00:00,31598.85,31598.86,31133,31276.88,4767
2021-07-15 16:00:00,31678.5,31737.68,31475.32,31598.85,2677
2021-07-15 15:00:00,31771.83,31829.99,31653.5,31677.01,2355
2021-07-15 14:00:00,31828.86,31957.77,31675.5,31771.83,1974
2021-07-15 13:00:00,31723.25,31923.35,31455,31828.82,3989
2021-07-15 12:00:00,31880.5,32152.97,31605.84,31723.25,3580
2021-07-15 11:00:00,31866.76,31992.58,31800,31880.5,2077
2021-07-15 10:00:00,32505,32579.33,31816.06,31866.76,4565
2021-07-15 9:00:00,32376.5,32620.31,32332.54,32505,1945
2021-07-15 8:00:00,32468.3,32551.99,32316.45,32376.51,1977
2021-07-15 7:00:00,32483,32600,32359.65,32469.5,1675
2021-07-15 6:00:00,32582.71,32650,32366.12,32483,1404
2021-07-15 5:00:00,32665.53,32665.53,32473.72,32583.9,923
2021-07-15 4:00:00,32641.66,32691.42,32441.86,32665.53,1706
2021-07-15 3:00:00,32760,32785.23,32580.12,32641.65,1322
2021-07-15 2:00:00,32784.33,32911.03,32690.59,32760,1375
2021-07-15 1:00:00,32952.6,33185.25,32762.5,32784.33,2033
2021-07-15 0:00:00,32820.03,33046.86,32651.26,32951.87,1417
2021-07-14 23:00:00,32959.97,32974.44,32681,32820.02,1046
2021-07-14 22:00:00,32852.24,33063.82,32739.28,32959.96,1238
2021-07-14 21:00:00,32800.41,32940,32800.4,32852.23,904
2021-07-14 20:00:00,32729.77,32869.58,32708,32800.41,875
2021-07-14 19:00:00,32743.96,32798.62,32564.44,32729.76,1277
2021-07-14 18:00:00,32832.99,33114.03,32671.03,32743.96,2197
2021-07-14 17:00:00,32838.26,32911.79,32774.99,32832.99,1049
2021-07-14 16:00:00,32786.01,32902.89,32665.14,32833.88,1468
2021-07-14 15:00:00,32863.07,32938.99,32733.83,32786,1800
2021-07-14 14:00:00,32784,32959.21,32700,32863.07,2699
2021-07-14 13:00:00,32313.18,32899.99,32313.18,32784,3314
2021-07-14 12:00:00,32450.95,32517,32280,32313.18,1475
2021-07-14 11:00:00,32427.59,32562.48,32366.34,32451.99,1396
2021-07-14 10:00:00,32330,32707.27,32260.83,32427.58,2759
2021-07-14 9:00:00,31751.48,32500,31550,32327.7,5200
2021-07-14 8:00:00,31920.01,31996,31702.92,31751.48,1637
2021-07-14 7:00:00,31829.03,32000,31825.56,31920.01,1452
2021-07-14 6:00:00,31807.01,31942.35,31754.55,31835.47,1632
2021-07-14 5:00:00,31932.74,31993.61,31655.83,31807.01,2234
2021-07-14 4:00:00,31830.01,32015.98,31782,31930.12,1714
2021-07-14 3:00:00,32545.42,32583.99,31650.61,31830.01,4646
2021-07-14 2:00:00,32374.07,32570.96,32342.91,32545.43,1016
2021-07-14 1:00:00,32421.69,32497.99,32251.31,32376.2,1913
2021-07-14 0:00:00,32729.12,32807.41,32351,32421.69,1827
2021-07-13 23:00:00,32582.69,32750,32522.3,32729.77,960
2021-07-13 22:00:00,32589.11,32630,32426.88,32582.69,1017
2021-07-13 21:00:00,32509.23,32646.09,32400.21,32589.11,1129
2021-07-13 20:00:00,32309.69,32559.05,32202.25,32507.07,1602
2021-07-13 19:00:00,32480,32631.22,32231.42,32309.69,2779
2021-07-13 18:00:00,32768.73,32768.74,32470.64,32479.99,1341
2021-07-13 17:00:00,32817.77,32956.26,32631.26,32772.98,1335
2021-07-13 16:00:00,32791.71,32887.9,32630,32817.77,1351
2021-07-13 15:00:00,32569,32870,32530.96,32790.08,2010
2021-07-13 14:00:00,32571.76,32630,32461,32569,1558
2021-07-13 13:00:00,32352.61,32653.72,32285.71,32571.77,3016
2021-07-13 12:00:00,33042.61,33049,32280,32352.61,5795
2021-07-13 11:00:00,33093.04,33193.75,32912.29,33042.61,1626
2021-07-13 10:00:00,33273.01,33340,33040.02,33093.22,1652
2021-07-13 9:00:00,33222.15,33292.7,33108.19,33273,1335
2021-07-13 8:00:00,33180.11,33261.2,33101.57,33223.88,1167
2021-07-13 7:00:00,32966.31,33333.33,32966.31,33180.08,2260
2021-07-13 6:00:00,32817.42,33090.29,32815.15,32966.31,1318
2021-07-13 5:00:00,33118.22,33150,32742.01,32817.42,2222
2021-07-13 4:00:00,33071.13,33170.29,33034.54,33118.22,694
2021-07-13 3:00:00,33076.13,33229,33061.95,33071.14,1003
2021-07-13 2:00:00,33156.97,33209.27,33060.64,33076.13,1020
2021-07-13 1:00:00,33059.96,33206.51,32942.04,33156.97,1045
2021-07-13 0:00:00,33086.94,33222.22,32830.98,33059.99,1876
2021-07-12 23:00:00,33038.1,33284.99,32973.21,33086.63,1508
2021-07-12 22:00:00,32867.95,33098.43,32857,33038.1,1596
2021-07-12 21:00:00,32848.75,32990.52,32816.87,32867.95,1284
2021-07-12 20:00:00,32822.85,32989.61,32658.34,32848.75,2794
2021-07-12 19:00:00,33010.27,33358.17,32750,32822.85,2955
2021-07-12 18:00:00,33112.13,33189.21,32890.43,33010.24,2417
2021-07-12 17:00:00,33151.32,33255.07,33050,33112.12,2044
2021-07-12 16:00:00,33337.49,33441,33052.99,33151.32,3105
2021-07-12 15:00:00,33405.51,33507.47,33316.2,33337.49,1903
2021-07-12 14:00:00,33574.81,33585.4,33373.69,33405.52,1371
2021-07-12 13:00:00,33569.15,33614.11,33335.76,33576.93,2163
2021-07-12 12:00:00,33530,33636.92,33400,33566.19,2486
2021-07-12 11:00:00,33775.16,33783.73,33525.66,33530,2427
2021-07-12 10:00:00,34050.12,34053.35,33631.79,33775.15,3622
2021-07-12 9:00:00,34273.62,34334.27,34018,34050.12,1759
2021-07-12 8:00:00,34281.74,34488.27,34213.16,34273.62,1703
2021-07-12 7:00:00,34380,34510,34213.55,34281.74,1930
2021-07-12 6:00:00,34328.7,34455,34207.95,34380.01,1217
2021-07-12 5:00:00,34299.93,34340.96,34160.39,34330.25,1480
2021-07-12 4:00:00,34447.92,34678.43,34290,34299.94,2014
2021-07-12 3:00:00,34271.91,34537.39,34250,34447.92,2417
2021-07-12 2:00:00,34153.88,34320.05,34082.13,34271.1,1120
2021-07-12 1:00:00,34171.26,34200,34006.92,34154.35,1089
2021-07-12 0:00:00,34259,34345.53,34082.65,34171.26,1766
2021-07-11 23:00:00,34391,34405.53,34180.59,34258.99,1185
2021-07-11 22:00:00,34490.31,34666,34338.54,34391,2614
2021-07-11 21:00:00,33843.26,34600,33710.94,34481.92,4187
2021-07-11 20:00:00,33894.57,33974,33831.46,33843.26,735
2021-07-11 19:00:00,33960,33989.99,33841.35,33894.57,682
2021-07-11 18:00:00,33892.82,33999,33837.16,33960,934
2021-07-11 17:00:00,34008.19,34039.92,33875.48,33892.81,1071
2021-07-11 16:00:00,33948.68,34123.08,33779.68,34008.2,2258
2021-07-11 15:00:00,33929.76,33994.69,33859.83,33948.68,1298
2021-07-11 14:00:00,33917.55,33992.68,33806.55,33929.76,1307
2021-07-11 13:00:00,33740.55,33929.99,33654.36,33917.55,1250
2021-07-11 12:00:00,33814.82,33880.74,33663.5,33738.01,1134
2021-07-11 11:00:00,33750.79,33850,33695,33814.84,1115
2021-07-11 10:00:00,33693.45,33839.94,33614.07,33750.79,1030
2021-07-11 9:00:00,33690.69,33870,33598.75,33693.43,1544
2021-07-11 8:00:00,33508.82,33800,33424.84,33690.69,1425
2021-07-11 7:00:00,33461.5,33555.55,33372.06,33508.83,808
2021-07-11 6:00:00,33590.51,33642.74,33420,33463.74,783
2021-07-11 5:00:00,33460.7,33636.85,33419.08,33590.53,791
2021-07-11 4:00:00,33448.97,33550,33306.47,33460.69,1271
2021-07-11 3:00:00,33519.16,33574.79,33387.72,33448.97,1232
2021-07-11 2:00:00,33614.49,33669.58,33515,33519.17,701
2021-07-11 1:00:00,33720,33783.68,33557.6,33614.49,946
2021-07-11 0:00:00,33502.87,33817.83,33456,33719.99,1260
2021-07-10 23:00:00,33646.88,33683.14,33485.98,33502.87,912
2021-07-10 22:00:00,33428.57,33698.99,33416.82,33646.87,907
2021-07-10 21:00:00,33324.49,33440,33275,33428.57,756
2021-07-10 20:00:00,33411.41,33411.42,33004.78,33324.49,2104
2021-07-10 19:00:00,33466.71,33568,33320.41,33409.92,1159
2021-07-10 18:00:00,33397.27,33468.98,33340,33466.71,843
2021-07-10 17:00:00,34018.15,34021.52,33223.31,33397.27,3743
2021-07-10 16:00:00,33862.55,34192,33794.12,34018.16,2483
2021-07-10 15:00:00,33820.01,33931.1,33790,33862.54,906
2021-07-10 14:00:00,33700.31,33850,33649.14,33820.01,900
2021-07-10 13:00:00,33858.28,33898.17,33634.16,33700.31,1331
2021-07-10 12:00:00,33793.95,33943.4,33744.4,33861.02,1213
2021-07-10 11:00:00,33624.09,33911.82,33565,33793.94,1674
2021-07-10 10:00:00,33735.98,33800,33599.98,33624.08,1314
2021-07-10 9:00:00,33761.72,33900,33711.95,33732.57,988
2021-07-10 8:00:00,33766.01,33950,33686,33762.79,1586
2021-07-10 7:00:00,33813.3,33813.3,33610.09,33766.01,813
2021-07-10 6:00:00,33649.03,33865.67,33581.73,33813.31,970
2021-07-10 5:00:00,33651.7,33738.33,33458.84,33649.03,2057
2021-07-10 4:00:00,33800.04,33909.67,33618.77,33651.69,1345
2021-07-10 3:00:00,33729.25,33859.92,33700.34,33800.03,1133
2021-07-10 2:00:00,33765.42,33869.18,33631,33729.25,1599
2021-07-10 1:00:00,34039.95,34097.72,33765,33767.02,1863
2021-07-10 0:00:00,33815.81,34262,33735.85,34039.95,2149
2021-07-09 23:00:00,33977.2,34030.47,33760,33815.81,1020
2021-07-09 22:00:00,33870.57,34100,33844.14,33977.19,1780
2021-07-09 21:00:00,33528.03,34053.69,33444.5,33870.56,2504
2021-07-09 20:00:00,33445.31,33549.55,33374.83,33528.02,958
2021-07-09 19:00:00,33382.02,33490,33287,33445.31,1009
2021-07-09 18:00:00,33481.06,33496.71,33342.57,33382.03,1043
2021-07-09 17:00:00,33527.24,33574.03,33421.68,33481.07,1224
2021-07-09 16:00:00,33558.81,33696.4,33435,33527.25,1690
2021-07-09 15:00:00,33534.75,33656,33479.24,33558.67,2082
2021-07-09 14:00:00,33423.3,33682.43,33330.8,33534.75,2843
2021-07-09 13:00:00,32996.49,33509.2,32953,33423.3,5013
2021-07-09 12:00:00,32774.99,32999,32635.08,32996.5,1959
2021-07-09 11:00:00,32898.1,32898.1,32667.72,32774.99,1279
2021-07-09 10:00:00,32914.42,33012.6,32810,32898.11,1278
2021-07-09 9:00:00,32808.16,33065,32782.7,32914.42,1844
2021-07-09 8:00:00,32902.13,32920,32598,32808.17,1796
2021-07-09 7:00:00,32869.54,32933.47,32760.35,32910.21,1393
2021-07-09 6:00:00,32997.83,33049.5,32742,32868.7,2497
2021-07-09 5:00:00,33028.96,33310,32965.01,32996.18,2359
2021-07-09 4:00:00,32941.81,33142.75,32892.85,33028.97,1420
2021-07-09 3:00:00,32952.72,33100,32750.11,32941.81,2450
2021-07-09 2:00:00,32674.67,33020.65,32600.66,32952.72,2186
2021-07-09 1:00:00,32392.48,32733.55,32261.07,32674.66,3073
2021-07-09 0:00:00,32875.71,32882.37,32375,32392.49,2443
2021-07-08 23:00:00,32557.44,32899.83,32550.88,32875.71,1289
2021-07-08 22:00:00,32700,32826,32508,32557.44,2212
2021-07-08 21:00:00,32800.26,32947.6,32682.01,32699.96,1536
2021-07-08 20:00:00,33002.45,33067.09,32753.34,32800.27,1405
2021-07-08 19:00:00,32840.92,33177.06,32641.36,33003.52,2478
2021-07-08 18:00:00,32863.83,32943.21,32749.18,32840.91,1094
2021-07-08 17:00:00,32901.88,33038.88,32783.54,32863.83,1982
2021-07-08 16:00:00,32900.05,32958,32646.14,32901.88,2138
2021-07-08 15:00:00,32772.46,32930,32703.35,32900.01,2522
2021-07-08 14:00:00,32505.92,32800,32477.96,32772.46,2494
2021-07-08 13:00:00,32604.73,32662.67,32350,32505.91,2397
2021-07-08 12:00:00,32696.43,32988.87,32484.59,32604.72,3098
2021-07-08 11:00:00,32486.43,32744.89,32077,32696.44,5820
2021-07-08 10:00:00,32570.12,32748.88,32447.32,32486.42,2354
2021-07-08 9:00:00,32570.54,32700,32425.2,32570.13,2719
2021-07-08 8:00:00,32487.56,32618.25,32231.92,32570.53,4128
2021-07-08 7:00:00,33096.85,33260.8,32242.07,32487.57,7911
2021-07-08 6:00:00,32880.97,33512.53,32857.09,33096.72,3536
2021-07-08 5:00:00,33300.76,33349.98,32850,32884.56,2998
2021-07-08 4:00:00,33305.66,33375.15,33151.22,33300.76,1874
2021-07-08 3:00:00,33379.95,33435,33066,33305.65,2673
2021-07-08 2:00:00,33300.48,33414.75,33275.94,33379.95,1520
2021-07-08 1:00:00,33210.46,33452,33185,33300.48,3002
2021-07-08 0:00:00,33862.11,33929.64,33103.72,33210.45,6944
2021-07-07 23:00:00,34164.98,34164.99,33777.77,33862.12,3208
2021-07-07 22:00:00,34241.15,34292.41,34059.71,34164.99,1541
2021-07-07 21:00:00,34535.44,34538.58,34112.5,34239.86,2294
2021-07-07 20:00:00,34628.71,34628.71,34490,34535.45,878
2021-07-07 19:00:00,34681.41,34748.37,34545.35,34628.72,1289
2021-07-07 18:00:00,34635.01,34784,34556.28,34681.41,1699
2021-07-07 17:00:00,34571.37,34689.29,34470,34635.01,1243
2021-07-07 16:00:00,34528.6,34629.96,34412.43,34571.38,1574
2021-07-07 15:00:00,34616.6,34696.64,34477.13,34528.6,2098
2021-07-07 14:00:00,34813.22,34874.99,34532.5,34616.6,2215
2021-07-07 13:00:00,34853.85,34881.55,34635.43,34813.22,1906
2021-07-07 12:00:00,34827.97,35059.09,34714.15,34853.85,3401
2021-07-07 11:00:00,34614.56,34989,34559.35,34827.96,2504
2021-07-07 10:00:00,34691.91,34734.37,34457.11,34614.57,2011
2021-07-07 9:00:00,34790.01,34858,34639.17,34691.91,1700
2021-07-07 8:00:00,34710.4,34950,34670.06,34790,2009
2021-07-07 7:00:00,34724.93,34919.28,34474.71,34710.38,2881
2021-07-07 6:00:00,34809.72,34890,34640.99,34724.94,2793
2021-07-07 5:00:00,34704.43,34889.93,34580,34809.73,2748
2021-07-07 4:00:00,34445.55,34800,34373.02,34704.43,2705
2021-07-07 3:00:00,34277.83,34530,34150,34446.5,2786
2021-07-07 2:00:00,34233.21,34296.01,33995.31,34277.61,2625
2021-07-07 1:00:00,34162.44,34271.45,33970.62,34233.2,3794
2021-07-07 0:00:00,34220.02,34400,33941,34162.45,1894
2021-07-06 23:00:00,34013.95,34323.77,33959.56,34220.01,1459
2021-07-06 22:00:00,33763.1,34155,33683.18,34013.95,1297
2021-07-06 21:00:00,33953.78,33972.77,33628.81,33763.1,1620
2021-07-06 20:00:00,34019.99,34103.94,33840,33953.78,1067
2021-07-06 19:00:00,33844.92,34190,33758.82,34019.99,1549
2021-07-06 18:00:00,33949.99,34110.76,33802,33841.37,1688
2021-07-06 17:00:00,34060.94,34060.94,33532,33949.99,2875
2021-07-06 16:00:00,34042.44,34148.11,33755,34063.63,2177
2021-07-06 15:00:00,34139.48,34200,33880.65,34042.43,2234
2021-07-06 14:00:00,34147.31,34250,33966.74,34139.48,1821
2021-07-06 13:00:00,34390.98,34516.38,33931,34147.31,3059
2021-07-06 12:00:00,34067.31,34448,33800.01,34387.55,4587
2021-07-06 11:00:00,33916.59,34282.87,33730,34067.31,3166
2021-07-06 10:00:00,34204.56,34217.84,33773.53,33916.6,3628
2021-07-06 9:00:00,34985.77,35012.74,34030.01,34204.56,5674
2021-07-06 8:00:00,34874.85,35118.88,34714.9,34985.78,2807
2021-07-06 7:00:00,34675.89,34959.73,34675.89,34874.85,2015
2021-07-06 6:00:00,34793.39,34821.6,34637.93,34676.02,1505
2021-07-06 5:00:00,34654.84,34933,34620,34793.39,2508
2021-07-06 4:00:00,33920.69,34811.17,33908.09,34654.08,5835
2021-07-06 3:00:00,33919.82,33970,33831.64,33920.69,966
2021-07-06 2:00:00,33768.95,33926.65,33700.37,33919.83,1182
2021-07-06 1:00:00,34042.89,34073.92,33761.44,33768.95,1338
2021-07-06 0:00:00,33690.15,34169.1,33634.76,34042.88,2141
2021-07-05 23:00:00,33964.35,34116.54,33670.01,33690.14,1516
2021-07-05 22:00:00,34148.98,34199,33950.75,33960.48,1327
2021-07-05 21:00:00,33842.18,34210,33840.95,34151.79,1488
2021-07-05 20:00:00,34117.98,34199.9,33724.88,33842.18,2604
2021-07-05 19:00:00,33982.03,34274.33,33982.02,34117.97,2057
2021-07-05 18:00:00,33695.78,34204.31,33695.78,33982.02,4593
2021-07-05 17:00:00,33646.27,33733.77,33125.55,33697.06,3446
2021-07-05 16:00:00,33585.89,33747.42,33541.34,33646.26,1407
2021-07-05 15:00:00,33690,33777,33470.03,33585.91,1571
2021-07-05 14:00:00,33607.89,33720,33540.67,33690,1981
2021-07-05 13:00:00,33468.11,33747.73,33440,33607.88,3057
2021-07-05 12:00:00,33379.96,33610,33301.22,33468.11,3393
2021-07-05 11:00:00,34477.18,34496.21,33300,33379.96,8355
2021-07-05 10:00:00,34316.68,34558.99,34285,34477.18,2204
2021-07-05 9:00:00,34262,34438.23,34226.83,34317.49,1505
2021-07-05 8:00:00,34257.37,34311,34108.61,34262,1481
2021-07-05 7:00:00,34311.99,34311.99,34055.66,34256.17,2028
2021-07-05 6:00:00,34347.2,34409.91,34214.63,34311.99,2159
2021-07-05 5:00:00,34200.15,34383.33,34066.49,34347.21,1982
2021-07-05 4:00:00,34351.25,34415.64,34000,34200.14,3963
2021-07-05 3:00:00,34439.99,34538.07,34180.18,34350.89,2440
2021-07-05 2:00:00,34558.05,34651.11,34315.24,34439.97,2536
2021-07-05 1:00:00,34841.6,34925.11,34445.33,34558.05,3007
2021-07-05 0:00:00,35288.13,35293.78,34752.52,34841.07,4012
2021-07-04 23:00:00,35364.54,35496.7,35135,35286.51,2651
2021-07-04 22:00:00,35903.79,35907.08,35325.33,35364.54,2407
2021-07-04 21:00:00,35550.38,35967.85,35488.37,35899.23,2599
2021-07-04 20:00:00,35575.01,35575.01,35445.01,35550.39,873
2021-07-04 19:00:00,35510.39,35607.83,35484,35575.01,916
2021-07-04 18:00:00,35558.43,35564.73,35385,35510.38,1055
2021-07-04 17:00:00,35467.7,35589.17,35385,35558.44,1322
2021-07-04 16:00:00,35513.28,35687.54,35440,35467.71,2091
2021-07-04 15:00:00,35449.79,35572.72,35391.06,35513.29,1216
2021-07-04 14:00:00,35359.12,35500,35301.01,35449.78,1052
2021-07-04 13:00:00,35248.11,35424.73,35244.88,35359.12,1594
2021-07-04 12:00:00,35512.34,35562.22,35230.76,35248.11,1799
2021-07-04 11:00:00,35578.93,35605.17,35459.62,35512.34,1053
2021-07-04 10:00:00,35485.16,35620,35405.92,35578.93,1274
2021-07-04 9:00:00,35538.01,35561.59,35364.21,35485.15,1610
2021-07-04 8:00:00,35603.02,35687.18,35400,35538,2685
2021-07-04 7:00:00,35416.22,35727,35346.39,35600.63,5548
2021-07-04 6:00:00,35205.93,35457.84,35054.08,35413.45,2992
2021-07-04 5:00:00,34777,35315.45,34685.84,35205.94,3144
2021-07-04 4:00:00,34641.62,34840.69,34621.41,34777,1259
2021-07-04 3:00:00,34597.74,34770,34562.34,34641.61,919
2021-07-04 2:00:00,34447.89,34650,34400.3,34599,872
2021-07-04 1:00:00,34499.99,34587.15,34357.15,34447.89,1409
2021-07-04 0:00:00,34669.12,34771.64,34495.13,34499.98,1352
2021-07-03 23:00:00,34579.42,34715.89,34335.38,34669.13,1314
2021-07-03 22:00:00,34544.88,34650,34250.48,34579.43,2828
2021-07-03 21:00:00,34726.34,34914.76,34533.01,34544.88,1848
2021-07-03 20:00:00,34745.99,34843.2,34560.92,34726.35,1198
2021-07-03 19:00:00,34645.85,34788.03,34570.44,34745.98,1004
2021-07-03 18:00:00,34764,34789.04,34603.53,34645.85,1011
2021-07-03 17:00:00,34532.09,34945.61,34524.99,34764.74,1998
2021-07-03 16:00:00,34608.48,34658.19,34485.49,34533.81,1585
2021-07-03 15:00:00,34688,34732.49,34515.5,34608.48,1161
2021-07-03 14:00:00,34706.29,34760,34593.31,34687.99,1429
2021-07-03 13:00:00,34543.97,34710,34470,34706.3,1452
2021-07-03 12:00:00,34608.04,34816.5,34482.27,34543.97,1902
2021-07-03 11:00:00,34603.4,34629.34,34435.53,34608.04,1694
2021-07-03 10:00:00,34633.64,34707.58,34523.93,34603.39,1576
2021-07-03 9:00:00,34515.25,34780,34472.67,34633.64,3228
2021-07-03 8:00:00,34499.53,34651.21,34406,34515.25,3222
2021-07-03 7:00:00,33682.17,34663.48,33590.04,34499.54,5336
2021-07-03 6:00:00,33707.98,33846.15,33642.1,33682.16,1257
2021-07-03 5:00:00,33665.52,33800,33583.03,33707.99,1490
2021-07-03 4:00:00,33524.48,33691.6,33444.25,33665.52,1028
2021-07-03 3:00:00,33526.09,33570.81,33316.73,33524.47,1382
2021-07-03 2:00:00,33673.57,33685,33472.76,33526.09,1072
2021-07-03 1:00:00,33526.82,33760,33499.99,33674.52,1256
2021-07-03 0:00:00,33786.54,33914.6,33440.58,33526.82,1762
2021-07-02 23:00:00,33703.04,33898.95,33630.1,33786.55,2327
2021-07-02 22:00:00,33452.23,33730.42,33401.18,33703.04,1560
2021-07-02 21:00:00,33133.21,33502.91,33088.4,33452.22,1498
2021-07-02 20:00:00,33327.71,33331.55,33041.65,33133.21,1240
2021-07-02 19:00:00,33288.79,33348.2,33109.76,33327.71,1625
2021-07-02 18:00:00,33460.85,33476.74,33232.52,33290.01,1438
2021-07-02 17:00:00,33597.07,33677.95,33360,33460.86,1574
2021-07-02 16:00:00,33704.9,33795.16,33420.02,33597.07,2391
2021-07-02 15:00:00,33667.45,33713,33372.13,33704.91,2447
2021-07-02 14:00:00,33480,33724.34,33288.58,33667.44,3475
2021-07-02 13:00:00,33238.22,33568,33101.02,33480.01,3963
2021-07-02 12:00:00,33023.35,33345.4,32872,33238.22,3026
2021-07-02 11:00:00,32997.95,33250,32832,33023.01,2360
2021-07-02 10:00:00,32979.03,33092.65,32770,32997.94,2689
2021-07-02 9:00:00,33372.83,33396.49,32864.32,32979.04,2776
2021-07-02 8:00:00,33358.32,33620,33233.13,33372.83,2811
2021-07-02 7:00:00,32957.53,33500.36,32882.83,33358.26,3104
2021-07-02 6:00:00,32855.23,32999,32699,32957.53,2084
2021-07-02 5:00:00,33149.07,33218.89,32700,32855.24,1992
2021-07-02 4:00:00,32907.22,33187.19,32850,33149.07,1990
2021-07-02 3:00:00,33262.05,33262.05,32767.74,32907.22,2725
2021-07-02 2:00:00,33264.04,33344,33133,33265.55,2020
2021-07-02 1:00:00,33774.68,33816.47,33230,33264.04,2123
2021-07-02 0:00:00,33502.33,33977.04,33406.98,33774.68,2924
2021-07-01 23:00:00,33546.6,33649,33280.01,33504.69,1939
2021-07-01 22:00:00,33503.34,33648.14,33440.54,33546.6,1183
2021-07-01 21:00:00,33410.13,33619.58,33228.42,33503.34,2366
2021-07-01 20:00:00,33091.48,33468,33091.48,33412.79,2068
2021-07-01 19:00:00,33325.49,33368.45,32711,33091.48,4662
2021-07-01 18:00:00,33490,33654.49,33223.98,33325.5,2046
2021-07-01 17:00:00,33151.57,33560,33100.64,33490,2348
2021-07-01 16:00:00,33432.54,33546.28,33134.06,33151.6,3742
2021-07-01 15:00:00,33206.47,33680.71,33160.02,33432.54,2841
2021-07-01 14:00:00,33399.09,33610,33055,33206.48,4396
2021-07-01 13:00:00,33655.25,33797.73,33380.46,33401.45,2293
2021-07-01 12:00:00,33717.52,33917.93,33330,33655.24,3748
2021-07-01 11:00:00,33183.12,33749,33164.51,33717.52,3648
2021-07-01 10:00:00,33274.99,33389.01,33001,33183.12,3254
2021-07-01 9:00:00,33475.73,33536.22,33112.14,33275,2919
2021-07-01 8:00:00,33350,33545,33186,33475.72,3548
2021-07-01 7:00:00,33507.15,33664.44,33312.52,33348.3,5990
2021-07-01 6:00:00,34325.72,34467.09,33412.52,33511.24,5946
2021-07-01 5:00:00,34330.34,34408,34170.46,34325.72,1379
2021-07-01 4:00:00,34120.01,34338.03,34061.16,34330.34,1935
2021-07-01 3:00:00,34299.58,34403.55,34120,34120.01,1797
2021-07-01 2:00:00,34936.43,34966.53,34223.15,34299.59,3787
2021-07-01 1:00:00,34727.83,35034.54,34716.13,34936.43,1416
2021-07-01 0:00:00,35045,35057.57,34713.41,34727.83,2446
2021-06-30 23:00:00,34893.07,35194.04,34890.64,35045,3733
2021-06-30 22:00:00,34806.16,34930.59,34624.56,34892.37,1555
2021-06-30 21:00:00,34580.4,35018.77,34580,34806.16,2886
2021-06-30 20:00:00,34743.56,35088.78,34391.43,34580.4,3995
2021-06-30 19:00:00,34821.99,34845,34660.9,34743.56,2702
2021-06-30 18:00:00,34707.26,34899,34552.03,34821.99,2841
2021-06-30 17:00:00,34117.06,34799.42,34110,34707.35,3195
2021-06-30 16:00:00,34193.44,34368.85,34017.55,34117.06,3389
2021-06-30 15:00:00,34598.83,34639.98,34083.92,34193.44,5538
2021-06-30 14:00:00,34734.41,34824.35,34500,34598.83,2628
2021-06-30 13:00:00,34638.4,34750,34459.41,34734.62,2332
2021-06-30 12:00:00,34849.99,35010.85,34566.66,34638.23,3432
2021-06-30 11:00:00,34740.01,34995.99,34558.99,34849.99,2898
2021-06-30 10:00:00,34633.27,34885.84,34510,34740.01,3015
2021-06-30 9:00:00,34591.32,34749.84,34401.01,34632.78,3988
2021-06-30 8:00:00,35250.54,35333.33,34522.22,34591.32,3988
2021-06-30 7:00:00,35013.96,35288.88,34881.95,35250.54,2700
2021-06-30 6:00:00,34779.42,35147.66,34727.88,35009.63,3132
2021-06-30 5:00:00,34755.44,34954.65,34666,34779.4,3616
2021-06-30 4:00:00,35119.99,35290.97,34679.67,34755.23,4946
2021-06-30 3:00:00,35799.99,35800,34936,35119.99,5688
2021-06-30 2:00:00,35846.69,35916.33,35700,35800,1207
2021-06-30 1:00:00,35878.44,35950,35730,35846.69,1288
2021-06-30 0:00:00,35911.72,36100,35636.8,35878.45,2450
2021-06-29 23:00:00,35924.99,36117,35828,35911.73,1824
2021-06-29 22:00:00,36240.01,36268.96,35700.01,35925,3910
2021-06-29 21:00:00,36156.03,36323.76,36106.46,36240.01,1982
2021-06-29 20:00:00,36382.39,36488.7,36099.79,36156.04,3020
2021-06-29 19:00:00,36280.85,36399.99,36205.01,36382.39,1488
2021-06-29 18:00:00,36370.2,36395,36116.77,36280.85,2415
2021-06-29 17:00:00,36341.89,36600,36140,36370.2,4479
2021-06-29 16:00:00,36248.99,36500,36050,36341.89,4225
2021-06-29 15:00:00,36243.75,36366.15,35925,36248.99,3909
2021-06-29 14:00:00,36301.84,36428,36082.44,36240,3678
2021-06-29 13:00:00,35822.33,36400,35724.72,36301.84,8122
2021-06-29 12:00:00,35555.64,35999.87,35343.12,35822.33,9051
2021-06-29 11:00:00,35632.61,35748.52,35483.67,35555.62,4772
2021-06-29 10:00:00,35226.26,35768.9,35041.93,35632.62,5711
2021-06-29 9:00:00,35052.88,35356.3,34850,35226.27,3773
2021-06-29 8:00:00,34849.2,35244.33,34730,35052.88,3859
2021-06-29 7:00:00,35332.51,35448,34767.09,34849.27,4864
2021-06-29 6:00:00,34717.19,35400,34575.62,35332.62,4674
2021-06-29 5:00:00,34860.98,35000,34549.63,34719.84,1957
2021-06-29 4:00:00,34577.09,34967.69,34534,34860.97,2405
2021-06-29 3:00:00,34312.62,34639.78,34225.43,34577.16,1465
2021-06-29 2:00:00,34628.98,34847.35,34250.44,34312.62,2369
2021-06-29 1:00:00,34905.06,35004.62,34522.01,34628.99,2372
2021-06-29 0:00:00,34494.89,35169.56,34376.47,34902.66,4452
2021-06-28 23:00:00,34422,34500,34112.03,34494.89,1547
2021-06-28 22:00:00,34644.87,34644.87,34200,34422,2182
2021-06-28 21:00:00,34665.94,34819,34537.98,34644.88,1641
2021-06-28 20:00:00,34441.77,34798,34277,34665.94,2125
2021-06-28 19:00:00,34168.21,34594.32,34108.61,34441.77,2834
2021-06-28 18:00:00,34193.98,34305.97,33931,34168.22,2579
2021-06-28 17:00:00,34641.62,34675,34045.03,34193.98,3560
2021-06-28 16:00:00,34969.98,35030.92,34522.34,34641.62,4217
2021-06-28 15:00:00,34344.86,35000,34295.75,34969.99,4944
2021-06-28 14:00:00,34287.36,34540,34216.58,34344.86,2637
2021-06-28 13:00:00,34425.09,34585,34160.01,34287.35,3724
2021-06-28 12:00:00,34107.2,34500,33862.72,34425.09,5362
2021-06-28 11:00:00,34187.26,34288.86,33970.3,34107.2,2841
2021-06-28 10:00:00,34383.46,34488,33960,34187.26,5823
2021-06-28 9:00:00,34885.09,34930.26,34300,34383.47,5214
2021-06-28 8:00:00,35028.69,35172.21,34726,34885.09,4542
2021-06-28 7:00:00,34520.27,35297.71,34466.92,35028.69,7504
2021-06-28 6:00:00,34514.59,34824,34401.49,34520.28,2820
2021-06-28 5:00:00,34355.99,34570,34350,34514.59,2129
2021-06-28 4:00:00,34395.03,34548.15,34275.87,34353.09,1938
2021-06-28 3:00:00,34402.66,34542.94,34314.48,34398.36,1999
2021-06-28 2:00:00,34266.37,34651,34254.75,34402.66,2171
2021-06-28 1:00:00,34554.79,34694.51,34256,34266.09,2864
2021-06-28 0:00:00,34702.49,34972.28,34429.99,34554.79,5014
2021-06-27 23:00:00,34406.38,34749,34189.28,34700.34,4754
2021-06-27 22:00:00,32860.66,34599,32804.98,34406.39,11638
2021-06-27 21:00:00,32627,32869.99,32357.13,32863.17,2381
2021-06-27 20:00:00,32815.18,32947.38,32615.05,32627.03,1893
2021-06-27 19:00:00,32720.01,32967.99,32574.67,32815.19,1578
2021-06-27 18:00:00,33022.64,33022.64,32574.28,32720.01,3438
2021-06-27 17:00:00,33008.26,33118.84,32870.96,33022.64,1592
2021-06-27 16:00:00,33200.06,33400,32825,33009.58,3803
2021-06-27 15:00:00,33256.74,33260,32868.69,33200.02,3047
2021-06-27 14:00:00,33106.37,33285.29,32717.52,33256.74,3031
2021-06-27 13:00:00,33318.69,33460,32922.9,33106.37,3415
2021-06-27 12:00:00,33246.56,33574.32,33050.02,33313.42,3813
2021-06-27 11:00:00,32699.1,33420,32570.14,33246.55,5096
2021-06-27 10:00:00,32564.6,32827.25,32268,32699.1,4277
2021-06-27 9:00:00,33019.95,33333,32431.8,32564.59,5562
2021-06-27 8:00:00,33291.81,33451,32983.8,33019.94,3488
2021-06-27 7:00:00,33080.23,33499,33015.12,33283.17,4407
2021-06-27 6:00:00,32928.91,33210,32842.52,33080.22,2603
2021-06-27 5:00:00,33145.53,33329.99,32811.9,32928.92,3792
2021-06-27 4:00:00,33146.91,33333,32900.87,33142.74,2953
2021-06-27 3:00:00,33096.1,33178.08,32752.1,33146.91,3223
2021-06-27 2:00:00,32868.1,33200,32660.84,33096.1,4803
2021-06-27 1:00:00,32369.27,32978.4,32263.21,32865.53,5886
2021-06-27 0:00:00,32283.65,32650,31973.45,32369.29,6128
2021-06-26 23:00:00,31768.88,32300.24,31628.01,32283.65,3421
2021-06-26 22:00:00,31411.98,31800,31365.44,31768.88,2388
2021-06-26 21:00:00,31300.83,31442.95,30905.78,31411.98,2522
2021-06-26 20:00:00,31573.97,31639.56,31067.96,31300.83,2488
2021-06-26 19:00:00,31590.27,31771.33,31452.19,31573.98,1871
2021-06-26 18:00:00,31685.48,31910,31433,31590.27,3402
2021-06-26 17:00:00,31248.16,31768.47,31038.49,31685.47,3561
2021-06-26 16:00:00,31526.88,31556.92,30776.63,31248.16,4357
2021-06-26 15:00:00,31253.71,31608.45,30927.4,31523.5,5035
2021-06-26 14:00:00,30814.15,31457.56,30505,31253.72,6139
2021-06-26 13:00:00,31280.69,31759.01,30754.32,30810.81,5407
2021-06-26 12:00:00,31777.9,31985,31266.87,31283.9,5608
2021-06-26 11:00:00,31096.11,31883.6,31089.22,31777.73,6145
2021-06-26 10:00:00,31052.6,31278,30758.18,31096.1,4215
2021-06-26 9:00:00,30411.84,31333,30277,31052.6,8203
2021-06-26 8:00:00,30713.54,30878.95,30151,30412.23,9923
2021-06-26 7:00:00,31731.25,31820.01,30573.77,30720.37,12242
2021-06-26 6:00:00,32229.32,32436.49,31640,31731.25,3056
2021-06-26 5:00:00,32355.98,32730,32090,32229.32,3124
2021-06-26 4:00:00,31979.71,32436.2,31869.69,32354.36,2637
2021-06-26 3:00:00,31943.49,32268.91,31933.08,31977.59,2309
2021-06-26 2:00:00,31970.03,32082.46,31682.02,31943.48,1982
2021-06-26 1:00:00,32000,32046.51,31519,31968.35,2521
2021-06-26 0:00:00,31576.09,32222,31300,32000,5253
2021-06-25 23:00:00,31423.32,32000,31380.74,31584.45,3210
2021-06-25 22:00:00,31799.14,31975.98,31275,31423.32,4173
2021-06-25 21:00:00,32200,32228.11,31553.93,31799.37,4255
2021-06-25 20:00:00,32222.91,32369,31918.05,32199.99,2783
2021-06-25 19:00:00,32088.13,32511.84,31730.01,32220.74,4151
2021-06-25 18:00:00,31681.46,32295.81,31500,32088.12,5935
2021-06-25 17:00:00,31942.5,32238.58,31500,31681.46,6599
2021-06-25 16:00:00,32607.07,32910.64,31627.01,31946.09,11708
2021-06-25 15:00:00,32793.81,32965,32351,32607.07,6478
2021-06-25 14:00:00,32988.37,33448,32550,32789.23,7424
2021-06-25 13:00:00,33093.88,33198.99,32640.27,32986.71,5495
2021-06-25 12:00:00,33311.96,33600.77,32823.31,33093.89,7470
2021-06-25 11:00:00,33759.41,33878.86,33234.37,33311.96,7790
2021-06-25 10:00:00,33751.57,33955.08,33500.1,33759.4,3961
2021-06-25 9:00:00,34292.52,34480,33720,33749.44,3995
2021-06-25 8:00:00,34281.37,34397.05,33936.99,34292.52,3497
2021-06-25 7:00:00,34426.29,34426.3,33961.48,34283.82,4650
2021-06-25 6:00:00,34478.75,34583.24,34118,34426.3,3082
2021-06-25 5:00:00,34775.62,34896.23,34310.81,34478.75,2847
2021-06-25 4:00:00,35057.7,35100,34620.33,34775.51,1914
2021-06-25 3:00:00,35162.99,35216.16,34816.32,35052.07,1989
2021-06-25 2:00:00,34831,35500,34812.63,35162.99,5030
2021-06-25 1:00:00,34590.59,34836.67,34251,34835.7,3742
2021-06-25 0:00:00,34663.08,35145,34586.99,34590.51,3871
2021-06-24 23:00:00,34754.35,34840,34540,34663.09,1537
2021-06-24 22:00:00,34767.68,34832,34512,34754.35,3147
2021-06-24 21:00:00,34858.07,34910.94,34652.01,34767.68,1434
2021-06-24 20:00:00,34854.63,34999.09,34700.62,34858.07,1812
2021-06-24 19:00:00,34884.14,34914.99,34688,34857.73,2125
2021-06-24 18:00:00,34992.15,35298,34824.51,34884.14,4036
2021-06-24 17:00:00,34519.11,35058,34519.11,34992.14,6924
2021-06-24 16:00:00,33888.81,34528,33751,34519.11,5584
2021-06-24 15:00:00,34052.91,34583.58,33850.41,33886.52,7896
2021-06-24 14:00:00,34062.26,34160,33838,34052.91,2436
2021-06-24 13:00:00,34067.16,34122.88,33756.04,34056.43,2843
2021-06-24 12:00:00,33850.78,34260,33815.8,34064.92,5553
2021-06-24 11:00:00,33230.65,33930.23,33230.64,33850.77,4151
2021-06-24 10:00:00,33281.49,33410,33135,33233,2749
2021-06-24 9:00:00,33388.56,33615.25,33209.95,33281.48,3272
2021-06-24 8:00:00,32853.74,33399.86,32820.61,33388.55,3332
2021-06-24 7:00:00,33005.23,33280.55,32768.81,32853.74,3526
2021-06-24 6:00:00,32982,33206.79,32724.38,33005.23,2950
2021-06-24 5:00:00,32546.39,33023.95,32480,32982.01,3428
2021-06-24 4:00:00,32589.2,32785.7,32286.57,32546.38,3145
2021-06-24 3:00:00,32495.25,32849.61,32368.77,32589.2,2672
2021-06-24 2:00:00,32649.99,32870.34,32339.82,32495.26,3973
2021-06-24 1:00:00,33186.99,33353.16,32527.05,32650,4329
2021-06-24 0:00:00,33675.07,33879.99,33162.12,33186.98,3758
2021-06-23 23:00:00,33469.76,33749.11,33251,33678.07,2214
2021-06-23 22:00:00,33335.01,33587,33133.33,33469.85,2554
2021-06-23 21:00:00,33045.77,33785.26,32985.5,33335,3332
2021-06-23 20:00:00,32882.5,33295.79,32749.01,33045.78,4423
2021-06-23 19:00:00,33292.57,33568.96,32870.99,32879.97,3758
2021-06-23 18:00:00,33595.81,33595.81,32919.19,33292.58,5643
2021-06-23 17:00:00,33688.58,33739.98,33501,33595.82,1856
2021-06-23 16:00:00,33490.14,33947.17,33211,33685.3,5430
2021-06-23 15:00:00,34058,34085.19,33400.3,33490.14,8223
2021-06-23 14:00:00,33989.13,34195.14,33750,34057.99,4880
2021-06-23 13:00:00,34199.99,34881,33877.26,33994.76,11307
2021-06-23 12:00:00,33911.4,34200,33850,34199.98,3853
2021-06-23 11:00:00,34218.49,34500,33845,33911.39,5083
2021-06-23 10:00:00,33920.97,34298.52,33833.1,34218.48,3905
2021-06-23 9:00:00,33735.05,34115.81,33650.21,33920.97,3962
2021-06-23 8:00:00,33982.26,34264.57,33717.28,33735.9,5390
2021-06-23 7:00:00,33880.89,34196.7,33818.57,33982.26,3153
2021-06-23 6:00:00,34320.47,34392.1,33770,33880.88,4383
2021-06-23 5:00:00,33800,34368.56,33574.11,34320.47,6246
2021-06-23 4:00:00,33969.69,34286.2,33723,33800,4657
2021-06-23 3:00:00,33812.12,34055.88,33680,33966.43,3886
2021-06-23 2:00:00,34007.64,34187.04,33742.85,33812.11,5081
2021-06-23 1:00:00,33653.32,34444,33540.13,34007.64,9426
2021-06-23 0:00:00,32509.56,33850,31683,33653.33,14307
2021-06-22 23:00:00,32582.57,32790.71,32150,32509.56,3926
2021-06-22 22:00:00,32475.29,32719.57,32260.61,32582.56,2998
2021-06-22 21:00:00,32893.5,32940,32150,32471.57,3574
2021-06-22 20:00:00,32404.06,32987,32151,32885.09,4418
2021-06-22 19:00:00,32986.41,33050,32137.68,32404.06,5091
2021-06-22 18:00:00,32748.1,33298.78,32324.44,32986.4,7798
2021-06-22 17:00:00,32512.02,32930,31968.39,32750.73,7739
2021-06-22 16:00:00,31707.56,32818.55,31620,32512.02,16742
2021-06-22 15:00:00,30567.92,31980,30317.47,31708.08,18167
2021-06-22 14:00:00,29239,30840,29006.43,30567.93,17235
2021-06-22 13:00:00,29890.83,30150.15,28805,29238.99,16509
2021-06-22 12:00:00,31236.53,31310.57,29294.08,29895.08,34147
2021-06-22 11:00:00,31797.5,31900,31200,31243.41,5543
2021-06-22 10:00:00,31585.7,32222.22,31112,31797.5,10272
2021-06-22 9:00:00,31720.87,31792.44,31200.28,31584.03,6953
2021-06-22 8:00:00,32647.96,32658.63,31523,31720.88,8340
2021-06-22 7:00:00,32859.61,32900,32553.01,32648.98,2479
2021-06-22 6:00:00,32578.27,32870,32487.43,32860.62,2638
2021-06-22 5:00:00,32910.84,33021.12,32479,32578.27,3097
2021-06-22 4:00:00,33018.21,33109.81,32701.03,32910.85,2622
2021-06-22 3:00:00,32903.24,33260,32655.82,33018.22,4446
2021-06-22 2:00:00,32622.62,32925.2,32344.89,32903.24,3932
2021-06-22 1:00:00,31783.14,33021.14,31780.01,32622.65,7908
2021-06-22 0:00:00,31614.12,31886,31168,31783.14,7622
2021-06-21 23:00:00,31276.53,32074.32,31274.41,31608.93,5556
2021-06-21 22:00:00,31532.15,32300,31251.23,31276.53,7942
2021-06-21 21:00:00,32568.71,32576.03,31330,31532.15,9524
2021-06-21 20:00:00,32563.89,32800,32358.23,32571.1,2573
2021-06-21 19:00:00,32782.46,32846.14,32263.56,32563.89,2784
2021-06-21 18:00:00,32250.27,32948.31,32215.7,32782.47,4039
2021-06-21 17:00:00,32177.87,32700,32100,32250.27,5021
2021-06-21 16:00:00,32685.84,33000,32034.52,32177.94,7086
2021-06-21 15:00:00,32883.64,33077.74,32353.15,32687.99,4831
2021-06-21 14:00:00,33152.15,33222.22,32555,32882.25,5283
2021-06-21 13:00:00,32285.18,33166,31927.91,33152.15,8740
2021-06-21 12:00:00,32530.68,32821.47,32127.1,32285.19,8111
2021-06-21 11:00:00,32355.06,32769.99,31710,32520.56,15452
2021-06-21 10:00:00,33163.07,33270.67,32232,32360,9808
2021-06-21 9:00:00,32891.58,33577.12,32083.22,33163.08,14824
2021-06-21 8:00:00,33025.5,33440.39,32773.92,32891.59,6785
2021-06-21 7:00:00,32776.44,33220.4,32612.68,33025.5,8863
2021-06-21 6:00:00,34445.35,34600,32266,32776.44,15660
2021-06-21 5:00:00,34243.9,34512.95,33779,34445.35,5135
2021-06-21 4:00:00,34651.86,34725.82,33658.5,34243.89,8703
2021-06-21 3:00:00,35141.67,35143.13,34566.82,34649.63,3269
2021-06-21 2:00:00,35292.06,35464.84,34866,35141.67,3947
2021-06-21 1:00:00,35575.16,35641.76,35206.23,35290.86,2255
2021-06-21 0:00:00,35600.17,35750,35230.87,35575.15,2575
2021-06-20 23:00:00,35650.1,35727.94,35460,35600.16,1749
2021-06-20 22:00:00,35542.52,35790,35391.24,35650.1,2292
2021-06-20 21:00:00,35822.36,35900,35500,35542.52,3082
2021-06-20 20:00:00,35502.83,36137.72,35380,35822.37,5917
2021-06-20 19:00:00,34940.45,35700.92,34836.9,35502.82,5173
2021-06-20 18:00:00,34575.1,34991.01,34568.33,34940.45,2467
2021-06-20 17:00:00,34578,34794.07,34422.06,34575.99,2704
2021-06-20 16:00:00,34422.11,34688,34289,34577.99,3089
2021-06-20 15:00:00,34318.16,34666,34303.52,34422.71,5257
2021-06-20 14:00:00,33906.55,34332.37,33703.79,34316.81,4753
2021-06-20 13:00:00,33922.17,34289,33823.94,33906.55,4737
2021-06-20 12:00:00,33870.56,34013.24,33336,33922.17,8988
2021-06-20 11:00:00,34086.8,34270.85,33750,33872.9,5623
2021-06-20 10:00:00,34986.43,35011.19,33724.48,34086.81,11875
2021-06-20 9:00:00,35332.31,35396.82,34868.84,34986.43,4693
2021-06-20 8:00:00,35637.72,35693.88,35277.55,35334.72,2111
2021-06-20 7:00:00,35507.81,35666.29,35363.02,35637.71,2500
2021-06-20 6:00:00,35724.54,35760.26,35478.13,35508.22,1334
2021-06-20 5:00:00,35801.45,35922,35699.67,35724.54,1405
2021-06-20 4:00:00,35527.25,35891.41,35442,35801.46,2057
2021-06-20 3:00:00,35596.99,35769.84,35454.93,35527.24,1540
2021-06-20 2:00:00,35635.04,35636.65,35278.08,35597.46,1725
2021-06-20 1:00:00,35383.66,35800,35331.02,35636.58,1997
2021-06-20 0:00:00,35483.72,35668.53,35119.21,35383.66,2796
2021-06-19 23:00:00,35557.01,35817.05,35394.75,35483.72,1972
2021-06-19 22:00:00,35858.95,35889.82,35525,35557.01,1671
2021-06-19 21:00:00,36101.33,36148.07,35834.54,35858.95,1291
2021-06-19 20:00:00,35943.65,36200,35711.89,36104.15,2671
2021-06-19 19:00:00,35509.89,36039.28,35496.84,35943.65,2371
2021-06-19 18:00:00,35765.5,35765.5,35360.08,35509.89,3217
2021-06-19 17:00:00,35889.28,35919.81,35634.56,35765.5,2326
2021-06-19 16:00:00,36114.85,36210,35778.31,35889.28,2460
2021-06-19 15:00:00,36241.56,36350,35850,36114.85,2666
2021-06-19 14:00:00,35769.31,36300,35766.6,36242.68,3897
2021-06-19 13:00:00,35743.02,35911.12,35550,35769.31,2555
2021-06-19 12:00:00,35940.22,36457,35621.59,35743.01,5888
2021-06-19 11:00:00,35699.65,35995,35699.64,35940.22,2172
2021-06-19 10:00:00,35646.63,35897.11,35561.81,35699.65,2277
2021-06-19 9:00:00,35797.46,35912.99,35565.76,35646.61,2168
2021-06-19 8:00:00,35785.95,35950,35588.24,35797.45,2360
2021-06-19 7:00:00,35773.58,35846.02,35437.5,35785.96,2378
2021-06-19 6:00:00,35521.21,35873.9,35450,35773.58,3246
2021-06-19 5:00:00,35185.48,35562.07,35185.48,35521.21,2671
2021-06-19 4:00:00,35103.44,35562.59,34961.39,35185.51,4282
2021-06-19 3:00:00,35491.18,35569.02,34803.52,35103.44,6532
2021-06-19 2:00:00,36110.42,36226.21,35428,35491.18,2715
2021-06-19 1:00:00,35744.1,36297.3,35713.26,36110.43,2852
2021-06-19 0:00:00,35820.48,35937.05,35640.44,35744.1,2064
2021-06-18 23:00:00,35620.18,35928.39,35388.24,35819.84,2438
2021-06-18 22:00:00,35650.02,35664.28,35332.01,35620.18,1730
2021-06-18 21:00:00,35497.97,35734.18,35372.36,35650.01,2515
2021-06-18 20:00:00,35323.65,35866.32,35232.26,35497.97,4229
2021-06-18 19:00:00,35289.52,35759.32,35180.71,35327.24,4698
2021-06-18 18:00:00,36219.12,36361.13,35129.29,35289.53,9879
2021-06-18 17:00:00,36591.75,36606.52,36200.34,36219.11,3586
2021-06-18 16:00:00,36355.97,36818.44,36266,36591.75,4805
2021-06-18 15:00:00,36670.39,36842.66,36278.5,36355.1,5262
2021-06-18 14:00:00,37204.32,37299,36500,36670.39,8891
2021-06-18 13:00:00,37433.92,37646.49,37019,37207.88,6133
2021-06-18 12:00:00,37818.57,37948.55,37307.28,37433.91,3933
2021-06-18 11:00:00,37836.94,38029.99,37660.38,37821.95,3338
2021-06-18 10:00:00,37512,37864.56,37063.8,37836.94,6629
2021-06-18 9:00:00,37877.99,37918.96,37451.12,37511.99,2847
2021-06-18 8:00:00,37715.04,37966.98,37565.07,37877.98,2307
2021-06-18 7:00:00,37453.89,37819.9,37450.02,37715.03,2262
2021-06-18 6:00:00,37606.58,37744.85,37377,37453.9,2797
2021-06-18 5:00:00,37920.85,38107.37,37513.55,37605.64,3509
2021-06-18 4:00:00,37926.78,38148.11,37792.37,37920.85,2242
2021-06-18 3:00:00,37779.71,38035.72,37737.02,37926.79,2524
2021-06-18 2:00:00,37649.39,37910.51,37213,37779.69,4169
2021-06-18 1:00:00,37675.51,37799.99,37492.9,37649.38,2136
2021-06-18 0:00:00,38092.97,38202.84,37562.72,37675.5,2355
2021-06-17 23:00:00,37954.5,38258,37831.5,38092.97,2863
2021-06-17 22:00:00,37740.4,37968.48,37615.74,37954.49,2019
2021-06-17 21:00:00,37755.28,37839.13,37519.99,37740.4,1873
2021-06-17 20:00:00,37702.53,37872.92,37365,37755.66,3996
2021-06-17 19:00:00,37749.75,37928.42,37642.25,37702.53,3121
2021-06-17 18:00:00,37695.12,37910,37505,37749.76,4763
2021-06-17 17:00:00,38508.5,38552.87,37600,37695.13,8561
2021-06-17 16:00:00,39008.01,39111.56,38262.3,38508.51,5154
2021-06-17 15:00:00,38899.98,39150,38773,39007.91,2858
2021-06-17 14:00:00,38710.29,38960,38411.39,38899.98,4435
2021-06-17 13:00:00,38782.93,38868,38630,38711.43,2768
2021-06-17 12:00:00,39148.26,39195.9,38607.28,38782.92,5898
2021-06-17 11:00:00,39257.26,39325,39105.51,39146.36,2437
2021-06-17 10:00:00,39493.92,39541.96,39205.51,39257.26,2305
2021-06-17 9:00:00,39276.72,39559.88,39144,39493.92,2824
2021-06-17 8:00:00,39208.67,39417.5,39057.27,39276.72,3279
2021-06-17 7:00:00,39245.39,39400,39119.99,39207.36,3248
2021-06-17 6:00:00,38709.98,39294.73,38709.98,39245.38,3239
2021-06-17 5:00:00,38801.06,38879.99,38644.4,38709.99,2284
2021-06-17 4:00:00,38865.05,39095.36,38755.13,38802.73,2622
2021-06-17 3:00:00,38707.19,38978.75,38704.78,38865.05,2282
2021-06-17 2:00:00,38654.06,38863.15,38620.42,38705.35,2220
2021-06-17 1:00:00,38624.13,38795,38541.1,38653.66,1863
2021-06-17 0:00:00,38349,38659.31,38213.23,38624.13,2618
2021-06-16 23:00:00,38558.24,38586.28,38116.01,38349.01,3173
2021-06-16 22:00:00,38766.09,38925,38518.95,38558.24,2576
2021-06-16 21:00:00,38534.96,38888.88,38423.01,38766.72,1940
2021-06-16 20:00:00,38680.1,38885.46,38450.48,38534.96,2480
2021-06-16 19:00:00,38709.35,39091.17,38650,38680.11,3451